Category,Article Title,Article Summary,Article Link
DATING AND SEDUCTION,Never Stop Hunting for New Girls,A big mistake guys make when they start dating a girl they really like — the “one” — is neglecting to continue...,https://tukatiane.co.ke/2023/08/21/never-stop-hunting-for-new-girls/
DATING AND SEDUCTION,How To Get a Re-Match With Your Ex,"It’s okay to desire your ex. After all, they all tend to start looking really fine after you’ve broken up. Well, if...",https://tukatiane.co.ke/2023/08/21/how-to-get-a-re-match-with-your-ex/
DATING AND SEDUCTION,What Andrew Kibe And Amerix Don’t Tell You About Simping,"Just as the great Toussaint L’Ouverture helped Haitians reclaim their land from the entitled Frankia natives, Andrew Kibe and Amerix are currently...",https://tukatiane.co.ke/2022/04/06/what-andrew-kibe-and-amerix-dont-tell-you-about-simping/
DATING AND SEDUCTION,How To Be A Sexy Man: The Seducer’s Bible,You opened the article. Welcome dude! You clicked on this article because you want to be a sexy man right? That’s exactly...,https://tukatiane.co.ke/2019/06/17/how-to-be-a-sexy-man-the-seducers-bible/
DATING AND SEDUCTION,Post-Coitus Routine: Avoid These Mistakes After Sex,"It has come to my attention that after getting that happy ending many people don’t know what to do with themselves, so...",https://tukatiane.co.ke/2019/06/16/9-things-you-shouldnt-do-after-sex/
DATING AND SEDUCTION,Heightism: The Discrimination Against Short Men By Women,I love listening to foreign radio stations online. There’s usually a great depth of information and inventive segments that are hard to...,https://tukatiane.co.ke/2019/05/14/heightism-the-discrimination-against-short-men-by-women/
DATING AND SEDUCTION,When Was The Last Time You Had Sex?,Asking a girl when was the last she had sex is like gathering intelligence for an upcoming covert operation. You need all...,https://tukatiane.co.ke/2019/05/01/when-was-the-last-time-you-had-sex/
DATING AND SEDUCTION,Reasons Why Men Should Talk During Sex,Talking dirty is a vital form of communication when it comes to sex. Talking dirty is definitely something everyone should try. Since...,https://tukatiane.co.ke/2019/04/08/reasons-why-men-should-talk-during-sex/
DATING AND SEDUCTION,5 Ways To Turn Down A Man,Women turn down a lot of men on a daily basis. Some men are just too stubborn to hear it. They never...,https://tukatiane.co.ke/2019/04/02/5-ways-to-turn-down-a-man/
DATING AND SEDUCTION,How To Tell Someone They Are Bad In Bed,"The funny thing about sex is that people think a woman can’t be bad in bed. Women aren’t really bad in bed,...",https://tukatiane.co.ke/2019/03/11/how-to-tell-someone-they-are-bad-in-bed/
DATING AND SEDUCTION,Why Some Women Love Men With Beards,Women Love Beards! Period! It isn’t so much about the guy with the beard as it is what that beard represents that...,https://tukatiane.co.ke/2019/03/05/why-some-women-love-men-with-beards/
DATING AND SEDUCTION,Does Size Matter?,"At the end of the day it's all about who made you cum, is it the big dick or the small dick?",https://tukatiane.co.ke/2019/02/16/does-size-matter/
DATING AND SEDUCTION,Why Men Prefer The Pull Out Method,Pulling out is considered the absolute dumbest pregnancy prevention method but pulling out can be reliable at preventing pregnancy as condoms.,https://tukatiane.co.ke/2019/02/05/why-men-prefer-the-pull-out-method/
DATING AND SEDUCTION,How To Cheat Successfully,"Most MEN will probably know the art to cheating, but for those who don’t, I'm here to break it down.",https://tukatiane.co.ke/2019/02/03/how-to-cheat-successfully/
DATING AND SEDUCTION,Surviving Love Triangles,"By Slade Jeff It is exam time so let’s start by first defining what a triangle is. Okay, from my mathematics a triangle...",https://tukatiane.co.ke/2018/11/08/surviving-love-triangles/
DATING AND SEDUCTION,Aki Wewe,Remember when we were taught about traffic lights in primary school? Our teachers must have been optimistic that we would all own...,https://tukatiane.co.ke/2018/10/31/aki-wewe/
DATING AND SEDUCTION,Long Distance Relationships Are A Waste Of Time,Long distance relationships don’t work. Period. A long distance relationship can be compared to when a soccer player takes a speculative shot...,https://tukatiane.co.ke/2018/10/28/long-distance-relationships-dont-work/
DATING AND SEDUCTION,"It’s Not You, It’s Me",Getting dumped can leave you in a big rut: your ego takes a hit and negativity leaks all around you. And it’s...,https://tukatiane.co.ke/2018/10/16/its-not-you-its-me/
DATING AND SEDUCTION,The Untold Dangers Of Sleeping With A Woman At Her Place,I strongly espouse the merits of home matches when it comes to non-relationship hookups. Away matches are way too perilous. Sleeping with...,https://tukatiane.co.ke/2018/09/29/the-untold-dangers-of-sleeping-with-a-woman-at-her-place/
DATING AND SEDUCTION,What To Do When She Says “Nipatie Fare Ya Kukuja”,Today i’d like to talk about something that most guys have experienced in their dating or player lives. There is that time...,https://tukatiane.co.ke/2018/09/25/what-to-do-when-she-says-nipatie-fare-ya-kukuja/
DATING AND SEDUCTION,Be A Hard-To-Get Man,"Normally, women are known to be the ones who constantly play hard-to-get but in order to win these same women, you ought...",https://tukatiane.co.ke/2018/09/19/be-a-hard-to-get-man/
DATING AND SEDUCTION,The Stress Of “Blue Ticks”,"As you all know, the “blue ticks scenario” is when a girl you would like to devour, ignores your texts or doesn’t...",https://tukatiane.co.ke/2018/09/10/sheriffs-texting-one/
DATING AND SEDUCTION,Manners Vs Looks: The Ultimate Conundrum,"When it comes to choosing a lady for a long-term commitment, men are plagued by the dilemma of whether they should make...",https://tukatiane.co.ke/2018/08/29/manners-vs-looks-the-ultimate-conundrum/
DATING AND SEDUCTION,Kam Tuwatch Movie,This is a tactic that is prominent in youth circles. Guys have employed it for ages in order to get sex. We’ve...,https://tukatiane.co.ke/2018/08/22/kam-tuwatch-movie/
DATING AND SEDUCTION,Always Avoid Getting Obsessed With One Woman,There is a disease that many men suffer from. It’s not really an ailment that requires you to get a stab on...,https://tukatiane.co.ke/2018/08/19/always-avoid-getting-obsessed-with-one-woman/
DATING AND SEDUCTION,"No, Hot Women Are Not Lazy In Bed",There some selected pervasive sexual market myths that cry out for tender vivisection that only the sheriff can lovingly execute. One of...,https://tukatiane.co.ke/2018/08/19/are-hot-women-lazy-in-bed-or-is-it-just-a-myth/
DATING AND SEDUCTION,"If You Can’t Control Your Thirst, You Don’t Deserve To Get Laid","There is currently an epidemic of men who cannot control their thirst. These men are bombarding women with praises, favors and sex...",https://tukatiane.co.ke/2018/08/19/we-need-to-talk-about-men-who-cant-control-their-thirst/
DATING AND SEDUCTION,The Extinction Of Good Women,"Due to peer pressure and negative conditioning by the society, good women are going the way of the dinosaurs. They are on...",https://tukatiane.co.ke/2018/08/08/the-extinction-of-good-women/
DATING AND SEDUCTION,You Are Not Obligated To Help Women,"There is a breed of chicks who want to be helped with everything. They want to be helped with money, they want...",https://tukatiane.co.ke/2018/06/19/you-are-not-obligated-to-help-women/
DATING AND SEDUCTION,A Girl Rejected Me Then She Bragged To Her Friends About It,I met a really good-looking chick the other day. She had legs……long legs that seemed to go on forever. Virenje!! Whenever my eyes...,https://tukatiane.co.ke/2018/06/11/a-girl-rejected-me-then-she-bragged-to-her-friends-about-it/
DATING AND SEDUCTION,5 Reasons Why Your Dude Is Playing You,"KE Women Fashion-300X100 Hey wonderful humans who read Tukatiane, it’s your girl Shiko and I am back. Once again, a big thanks...",https://tukatiane.co.ke/2018/05/02/5-reasons-why-your-dude-is-playing-you/
DATING AND SEDUCTION,The Pitiful Case Of Dudes Who Badmouth Other Men In The Presence Of Women,"When I was a kid, growing up in the 90s, there was this popular TV series called Renegade. It used to air...",https://tukatiane.co.ke/2018/04/18/the-pitiful-case-of-dudes-who-badmouth-other-men-in-the-presence-of-women/
DATING AND SEDUCTION,The Intricacies of Sliding Into a Chick’s DMs On Social Media,"Matthew Chapter 4 verse 18 to 20 says: “As Jesus was walking beside the Sea of Galilee, He saw two brothers, Simon...",https://tukatiane.co.ke/2018/03/13/the-intricacies-of-sliding-into-a-chicks-dms-on-social-media/
DATING AND SEDUCTION,There Is An Epidemic Of Possessive Men,"They are everywhere, men who behave like secret service agents or gun-totting bodyguards of a Mafioso don. They guard their girlfriends so...",https://tukatiane.co.ke/2018/03/06/protective-jealous-guys/
DATING AND SEDUCTION,"If She Earns More Than You, Run Away","Fellow men (and boys), If you want to have a happily-ever-after relationship, never date or marry a lady who ‘makes more money than you....",https://tukatiane.co.ke/2018/02/26/if-she-earns-more-than-you-run-away/
DATING AND SEDUCTION,Retaliation 101: How To React When Someone Disrespects Your Girl,"I was in Pangani yesterday evening. I had gone to see some walalo chick. She’s a fine thing, brown like the sands...",https://tukatiane.co.ke/2018/02/06/retaliation-101-how-to-react-when-someone-disrespects-your-girl/
DATING AND SEDUCTION,Did You Really Smash That Girl Or Are You Just Trying To Impress Your Boyz?,There’s a malady among young men or even unfocused older men that hasn’t really been addressed. When in the company of their buddies...,https://tukatiane.co.ke/2018/01/09/did-you-really-smash-that-girl-or-are-you-just-trying-to-impress-your-boyz/
DATING AND SEDUCTION,Tackling Hostile Chicks During Blind Dates,"With the rise of social media, blind dates have become as common as arimis in women’s’ handbags. More people are meeting on...",https://tukatiane.co.ke/2018/01/05/tackling-hostile-chicks-during-blind-dates/
DATING AND SEDUCTION,Your Girlfriend’s Ex Is Your Biggest Threat,Over 70% of Kenyan guys can admit to having smashed their ex-girlfriends at some point. There’s also a high likelihood that these guys smashed...,https://tukatiane.co.ke/2018/01/03/your-girlfriends-ex-is-your-biggest-threat/
DATING AND SEDUCTION,A Perfect Lie To Use When A Girl Asks You To Loan Her Money,Women love to borrow money. There are only a few exceptional ones out there who don’t. (God bless them) The majority enjoy...,https://tukatiane.co.ke/2017/12/18/a-perfect-lie-to-use-when-a-girl-asks-you-to-loan-her-money/
DATING AND SEDUCTION,Coffee Dates Are Useless,A lot of people have been asking me what I think about Cyprian Nyakundi’s latest posts in which he’s been defending the...,https://tukatiane.co.ke/2017/12/04/coffee-dates-are-useless/
DATING AND SEDUCTION,A Clitmus Test To Determine How Faithful Your Girlfriend Is,"Loyalty isn’t such a common trait nowadays. Cheating has become more widespread than loamy soils. As a man, you never want your girlfriend to cheat...",https://tukatiane.co.ke/2017/11/27/a-clitmus-test-to-determine-how-faithful-your-girlfriend-is/
DATING AND SEDUCTION,"Sio Sabuni, Haikwishi",You’ve got a limbically lubed Njeri on your sofa (or bed if you live in a bedsitter). She’s too fine. Minji minji...,https://tukatiane.co.ke/2017/10/30/sio-sabuni-haikwishi/
DATING AND SEDUCTION,The Chick I Was Obsessed With,"I’ve written about obsession before in the article Always Avoid Obsessing Over One Woman. If you didn’t read it, make sure you...",https://tukatiane.co.ke/2017/10/13/the-chick-i-was-obsessed-with/
DATING AND SEDUCTION,"Love Is Not A Feeling, It Is A Choice",The most unintelligent words to ever hurtle out of the lips of man and woman are “I cannot live without you.” Unless...,https://tukatiane.co.ke/2017/10/05/love-is-not-a-feeling-it-is-a-choice/
DATING AND SEDUCTION,The Power Of ‘Moshene’ In Seduction,There’s a good reason why women love moshene. You will notice that the girl who always tells the juiciest moshene has the...,https://tukatiane.co.ke/2017/09/14/the-power-of-moshene-in-seduction/
DATING AND SEDUCTION,“I Will Let You Know” Is The Most Fraudulent Statement By Women,Did you know that the words “I’ll let you know” coming out of a girl’s mouth belong to the same phylum of...,https://tukatiane.co.ke/2017/09/11/chicks-leading-statement/
DATING AND SEDUCTION,"Please Ladies, Do Not Overstay At A Man’s House",So here’s the thing; there are ladies you meet up with (just a random lungula hookup) and the two of you go on...,https://tukatiane.co.ke/2017/08/28/please-ladies-do-not-overstay-at-a-mans-house/
DATING AND SEDUCTION,"Blessed Are The Confident Men, For Theirs Is The Joy Of Punani","Confidence works wonders in life. Ever since civilization spread across the globe, confidence has been pinpointed as an essential ingredient of success...",https://tukatiane.co.ke/2017/07/27/blessed-are-the-confident-men-for-theirs-is-the-joy-of-punani/
DATING AND SEDUCTION,Diagnosing The Symptoms Of Impending Infidelity,I know that title sounds like something an offspring of PLO Lumumba and a Gastroenterologist would come up with but don’t mind it.  Sometimes...,https://tukatiane.co.ke/2017/07/13/prevent-her-cheating/
DATING AND SEDUCTION,It’s A Bad Man’s World,"I hate to say this but in life, being a good guy has very minimal benefits. Unless you are exceptionally good at...",https://tukatiane.co.ke/2017/07/02/be-a-badass/
DATING AND SEDUCTION,The Early Dude Catches The Girl,Have you ever banged a girl on the same day that she was supposed to meet another dude? Yeah! She cancelled on...,https://tukatiane.co.ke/2017/06/29/katia-her-early/
DATING AND SEDUCTION,5 Signs Your Kenyan Girlfriend Loves You,"Gentlemen, there are only five true barometers you require to measure whether your Kenyan girlfriend is crazy over you or nah. Love...",https://tukatiane.co.ke/2017/06/29/5-signs-your-kenyan-girlfriend-loves-you/
DATING AND SEDUCTION,The Day I Learned How To Get Punani,"Crazy, Stupid, Love is one of my most favorite comedy/romance movies of all time. It stars Ryan Gosling and Steve Carell who...",https://tukatiane.co.ke/2017/06/20/learn-and-use-strengths/
DATING AND SEDUCTION,Women Don’t Care About Your Problems,I touched on this topic before and I am going to do it again. Women don’t care about your problems. Don’t ever...,https://tukatiane.co.ke/2017/06/12/hide-your-problems/
DATING AND SEDUCTION,Avogadro’s Principle Of Pussy Acquisition,"I know you are like ‘what?’ Avo-what? Avogadro’s law (Avogadro’s Hypothesis, or Avogadro’s Principle) is a gas law named after Italian scientist...",https://tukatiane.co.ke/2017/05/16/avogadros-principle-of-pussy-acquisition/
DATING AND SEDUCTION,When Women Say “I Can’t Come To Your Place”,KE Gif Ge 300X100 Sometimes you hit on a girl and everything goes smoothly. So you feel you want to bang her...,https://tukatiane.co.ke/2017/05/10/when-women-say-i-cant-come-to-your-place/
DATING AND SEDUCTION,Rejection Should Never Stress You,Rejection is no big deal. Lots of peeps handle rejection like it’s a really big deal. It’s not. I get rejected a...,https://tukatiane.co.ke/2017/05/02/rejection-should-never-stress-you/
DATING AND SEDUCTION,Only Desperate Men Approach Women On Facebook,Facebook is home to some the thirstiest and most desperate guys ever born. Check out groups like Kilimani Mums and Dads and...,https://tukatiane.co.ke/2017/04/19/only-desperate-men-approach-women-on-facebook/
DATING AND SEDUCTION,Real Men Don’t Broadcast Their Weaknesses And Problems To Women,"All too often, some men get tempted to tell women their problems. I don’t know whether they do this to get sympathy...",https://tukatiane.co.ke/2017/03/29/real-men-dont-broadcast-their-weaknesses-and-problems-to-women/
DATING AND SEDUCTION,SHERIFF’S TEXTING TIPS: The Best Way To Ask For A Date,"I had somehow forgotten to write another chapter of ‘Sheriff’s Texting Tips’. Luckily, a reader hit me up saying “Niaje, kwani uliacha...",https://tukatiane.co.ke/2017/03/21/sheriffs-texting-tips-the-best-way-to-ask-for-a-date/
DATING AND SEDUCTION,Men Who Accept The Friendzone Are Losers,"KE Gif Ge 234X60 Today, I was listening to a show called ‘Ebro In The Morning.’ It airs on Hot 97, a...",https://tukatiane.co.ke/2017/03/15/men-who-accept-the-friendzone-are-a-disgrace-to-humanity/
DATING AND SEDUCTION,How To Be Phenomenal With Women If You Are A Quiet Guy,"Many people don’t know this but despite my notoriously naughty nature, I don’t talk a lot. I only enjoy intellectual chitchat or...",https://tukatiane.co.ke/2017/03/07/how-to-be-phenomenal-with-women-if-you-are-a-quiet-guy/
DATING AND SEDUCTION,All Women Should Have Sex On The First Date,"Dear women, stop the games. A guy asks for sex and you are like “Yani ndio tumemeet tu na unataka sex tayari....",https://tukatiane.co.ke/2017/02/20/all-women-should-have-sex-on-the-first-date/
DATING AND SEDUCTION,Valentine’s Day Playbook For The Badass Kenyan Man,Valentine’s Day is probably the one day of the year which presents special difficulties to the Kenyan man who is good with...,https://tukatiane.co.ke/2017/02/13/valentines-day-playbook-for-the-badass-kenyan-man/
DATING AND SEDUCTION,The Best Punishment For A Cheating Girlfriend,A significant number of guys are getting cheated on at this very moment I am writing this article. Some will get to...,https://tukatiane.co.ke/2017/02/08/the-best-punishment-for-a-cheating-girlfriend/
DATING AND SEDUCTION,SHERIFF’S TEXTING TIPS: Stop Using Too Many Emojis,The sheriff gets a lot of requests from guys eager to impress with their text acumen (textumen?) or seeking answers to some or other...,https://tukatiane.co.ke/2017/02/07/sheriffs-texting-tips-stop-using-too-many-emojis/
DATING AND SEDUCTION,To The Lonely Ladies: Why Men Don’t Approach You,"Dear lonely Kenyan woman, you are probably wondering why guys are not showing you some love yet your BFFs are getting all...",https://tukatiane.co.ke/2017/02/06/to-the-lonely-ladies-why-men-dont-approach-you/
DATING AND SEDUCTION,Handling Women Who Play ‘Hard To Get’,"The act of women playing hard to get is considered one of the top five sources of stress among men. As guys,...",https://tukatiane.co.ke/2017/01/26/handling-women-who-play-hard-to-get/
DATING AND SEDUCTION,Three Words That Will Make Her Calm Down,Oh women. We love them so much. We would do anything for them but sometimes they can be a nuisance. An important...,https://tukatiane.co.ke/2017/01/24/three-words-that-will-make-her-calm-down/
DATING AND SEDUCTION,Why Girls Promise To Come Over To Your Place Then Fail To Show Up,"As men, we have all been victims of this scenario at some point in our girl-hunting lives. You chat up a hot...",https://tukatiane.co.ke/2016/12/21/why-some-girls-promise-to-come-over-then-fail-to-show-up/
DATING AND SEDUCTION,How To Turn A Woman On Properly Using Five Words,"I must be the first to admit that the title does sound more gimmicky than the stunts our local celebs pull, but...",https://tukatiane.co.ke/2016/12/20/how-to-turn-a-woman-on-properly-using-five-words/
DATING AND SEDUCTION,Four Things Men Always Tell Their Buddies About Their Girlfriends,"Just as chicks always talk to their BFFs about their boyfriends and give all the details, guys talk too. Guys like giving...",https://tukatiane.co.ke/2016/12/15/four-things-men-always-tell-their-buddies-about-their-girlfriends/
DATING AND SEDUCTION,Use This Tip To Get A Woman’s Number Easily And Quickly,Two of the biggest challenges men face when seducing women are how to start and how to finish. The first procedure in...,https://tukatiane.co.ke/2016/12/07/use-this-tip-to-get-a-womans-number-easily-and-quickly/
DATING AND SEDUCTION,My Advice On How To Get A Chick That You Can Keep Shagging With No-Strings,"For 99% of Kenyan dudes even those that pretend to be decent and disciplined, scoring a ‘friends with benefits’ deal with a hot chick...",https://tukatiane.co.ke/2016/12/06/my-advice-on-how-to-get-a-chick-that-you-can-keep-shagging-with-no-strings/
DATING AND SEDUCTION,How To Get Laid Easily And Quickly During This Cold Season,This is a topic I have written about before but since I have gotten wiser and also because the time and season...,https://tukatiane.co.ke/2016/11/21/how-to-get-laid-easily-and-quickly-during-this-cold-season/
DATING AND SEDUCTION,I Tried To Seduce A Safaricom Customer Care Agent And This Is What Happened,The following events happened a few months ago It was around 1 am on a weekday night when I decided to call...,https://tukatiane.co.ke/2016/11/17/last-night-i-tried-to-seduce-a-safaricom-customer-care-agent-and-this-is-what-happened/
DATING AND SEDUCTION,"Guys, This Is How Long You Should Wait For A Girl To Show Up Before You Bounce",Have you been in a situation where you agree to meet a girl at a certain location then she takes too long...,https://tukatiane.co.ke/2016/11/10/guys-this-is-how-long-you-should-wait-for-a-girl-to-show-up-before-you-bounce/
DATING AND SEDUCTION,How To Vibe A ‘Holy’ Church Girl,Seducing a girl that lives by strict religious principles is as hard as asking Vera Sidika to stop selling her vagina to...,https://tukatiane.co.ke/2016/11/03/how-to-vibe-a-holy-church-girl/
DATING AND SEDUCTION,How To Turn A Kenyan Girl Into Your Side Chick,"Some guys don’t like to keep a chic around for long. They prefer the thrill of the hunt, the taste of new...",https://tukatiane.co.ke/2016/10/31/how-to-turn-a-kenyan-girl-into-your-side-chick/
DATING AND SEDUCTION,Why You Should Not Fart In Front Of Your Partner (Wacha Kushuta),"Today, I stand her and declare that kushuta in front of your bae is a crime. The minute you two start high-fiving...",https://tukatiane.co.ke/2016/10/24/why-you-should-not-fart-in-front-of-your-partner-wacha-kushuta/
DATING AND SEDUCTION,5 Signs She Wants To Come For A Sleepover,All guys love it when chics come for sleepovers. But how can you tell when a girl is eager to come over?...,https://tukatiane.co.ke/2016/10/24/5-signs-she-wants-to-come-for-a-sleepover/
DATING AND SEDUCTION,How To React When Your Girlfriend Says “Nataka Space!!”,"How are you supposed to react when your girlfriend wants space? Be cool, be calm, be dignified. Even if everything wells up...",https://tukatiane.co.ke/2016/09/29/how-to-react-when-your-girlfriend-says-nataka-space/
DATING AND SEDUCTION,Never Be Afraid To Tell A Girl You Like Her,There is a school of thought in which men recommend to other men to be coy and beat around the bush in...,https://tukatiane.co.ke/2016/09/26/never-be-afraid-to-tell-a-girl-you-like-her/
DATING AND SEDUCTION,5 Things You Should Never Text Your Ex,Getting dumped can leave you in a big rut; your ego takes a hit and negativity leaks all around you. When someone...,https://tukatiane.co.ke/2016/09/22/5-things-you-should-never-text-your-ex/
DATING AND SEDUCTION,How I ‘Katia’ Chicks On The Street,"Seducing women on the street requires guts. Unfortunately, guts cannot be taught. You just have to sit down and tell yourself “It...",https://tukatiane.co.ke/2016/09/21/how-i-katia-chicks-on-the-street/
DATING AND SEDUCTION,5 Reasons Why That Dry Spell Is Killing You,The Swahili call it ‘ukame’ but we simply call it not getting laid or ‘having a dry spell’. Every guy pretends like...,https://tukatiane.co.ke/2016/09/15/5-reasons-why-that-dry-spell-is-killing-you/
DATING AND SEDUCTION,The Easiest Way To Get Laid In Nairobi,‘Katiaing’ women in Nairobi is a lot of work and most men usually want to find out if there is anything that...,https://tukatiane.co.ke/2016/09/14/the-easiest-way-to-get-laid-in-nairobi/
DATING AND SEDUCTION,How I Seduced A Girl On Whatsapp Easily (Screenshots),I am a man of many words but today I am just gonna give you the visual aspect of my game. Here...,https://tukatiane.co.ke/2016/09/10/how-i-seduced-a-girl-on-whatsapp-easily-screenshots/
DATING AND SEDUCTION,Do Not Call A Girl After Sex…….Until She Calls You First,We men have a tendency to get carried away by punani. I Philip Etemesi am no more immune to the power of...,https://tukatiane.co.ke/2016/09/06/do-not-call-a-girl-after-sex-until-she-calls-you-first/
DATING AND SEDUCTION,How To Talk To Your Chick’s Friends,A lot of Kenyan women don’t make relationship decisions on their own. They consult their BFFs first. So if you have a...,https://tukatiane.co.ke/2016/08/25/how-to-talk-to-your-chicks-friends/
DATING AND SEDUCTION,5 Phrases Kenyan Women Use To Reject Guys,"Men get rejected all the time. Even I, the sheriff, conqueror of all the kingdoms of Punaniland gets served with the proverbial...",https://tukatiane.co.ke/2016/08/23/5-phrases-kenyan-women-use-to-reject-guys/
DATING AND SEDUCTION,6 Signs Your Girlfriend Has A ‘Mpango Wa Kando’,"The female species can be extremely cunning when it comes to hiding an affair from their baes. However, even the sly tricksters...",https://tukatiane.co.ke/2016/08/16/6-signs-your-girlfriend-has-a-mpango-wa-kando/
DATING AND SEDUCTION,Your Girlfriend Has At Least Five Male Friends That Want To Bang Her,The one reality that your chick will keep from you is that she is NOT stupid and she very CLEARLY knows which...,https://tukatiane.co.ke/2016/08/09/your-girlfriend-has-at-least-five-male-friends-that-want-to-bang-her/
DATING AND SEDUCTION,Why Your Man Is No Longer Interested In You,"Everything is going along fantastically—at least, that’s what you think. Your relationship is moving along, you’re on cloud nine, and you’re beginning...",https://tukatiane.co.ke/2016/08/02/why-your-man-is-no-longer-interested-in-you/
DATING AND SEDUCTION,Should You Lend A Chick Money? The Answer Is NO,Don’t do it. Lend your boyz some mulla when they are in a fix but never extend the same favor to a...,https://tukatiane.co.ke/2016/08/01/should-you-lend-a-chick-money-the-answer-is-no/
DATING AND SEDUCTION,"Dear Single Lady, Here Is How To Make Guys Approach You Without Looking Easy","Ladies, are you tired of being single and you want guys to approach you, seduce you and bed you without looking easy?...",https://tukatiane.co.ke/2016/07/20/dear-single-lady-here-is-how-to-make-guys-approach-you-without-looking-easy/
DATING AND SEDUCTION,Don’t Be That Type Of Girl,"Women have a mental laundry list of traits they want in a man.  Unlike men, it is not so simple for them to see an attractive guy...",https://tukatiane.co.ke/2016/07/19/dont-be-that-type-of-girl/
SHOWBIZ,I Pick My Favorite Love Songs Of All Time,"I am not a love song devotee. Hip Hop resides in majority of the real estate in my heart. Either way, I...",https://tukatiane.co.ke/2018/02/12/i-pick-my-favorite-love-songs-of-all-time/
SHOWBIZ,I Did An Interview With The Daily Nation Where I Spoke About Books And Writing (Link Inside),"I recently did an interview with the Daily Nation. If you missed it, here is the link –  BY THE BOOK: Philip...",https://tukatiane.co.ke/2018/01/31/i-did-an-interview-with-the-daily-nation-where-i-spoke-about-books-and-writing-link-inside/
SHOWBIZ,Fame Is Feeble,"Fame is not just fickle, it’s feeble. As you might be aware by now, I am a huge Hip Hop fan. I...",https://tukatiane.co.ke/2017/12/13/fame-is-feeble/
SHOWBIZ,Your Close Friend Is Your Closet Enemy,A close friend is just an enemy in the closet. So I’ve been keenly following the story of Nick Mutuma being accused...,https://tukatiane.co.ke/2017/11/14/your-close-friend-is-your-closet-enemy/
SHOWBIZ,I Was Attacked By A Journalist From Nation Media And Here’s My Response,"Yesterday, one of my loyal readers sent me a link to an article that had been published on Daily Nation. I asked...",https://tukatiane.co.ke/2017/10/24/i-was-attacked-by-a-journalist-from-nation-media-and-heres-my-response/
SHOWBIZ,"Tukatiane Is Now One Year Old, Thank You Readers!!",I started this blog exactly a year ago. I must say it’s been one hell of a ride. The last 365 days...,https://tukatiane.co.ke/2017/08/16/tukatiane-is-now-one-year-old-thank-you-readers/
SHOWBIZ,Why Akothee Is A Bad Influence To Young Girls,Akothee can be lauded for a couple of things such as her sense of style and the lack of cellulite or Michellin tyres...,https://tukatiane.co.ke/2016/12/22/why-akothee-is-a-bad-influence-to-young-girls/
SHOWBIZ,10 Kenyan Songs You Should Listen To While Having Sex,"Music may very well be the food of love, but it’s also—more deliciously—the food of loving. Because I know my readers have...",https://tukatiane.co.ke/2016/09/17/10-kenyan-songs-you-should-listen-to-while-having-sex/
SHOWBIZ,Timmy Tdat And I Have Reconciled,I know I created a social media storm yesterday by writing one of the greatest diss articles of all time but that is...,https://tukatiane.co.ke/2016/08/31/timmy-tdat-and-i-have-reconciled/
SHOWBIZ,"Dear Timmy Tdat, As You Cavort Around The Clubs Shirtless, Learn To Take Constructive Criticism Like A Man…..You Are Still A New Cat In The Game With A Lot To Prove","NOTE: I initially published this article on Ghafla, but It was pulled down because apparently I was too harsh. I never like...",https://tukatiane.co.ke/2016/08/30/dear-timmy-tdat-as-you-cavort-around-the-clubs-shirtless-learn-to-take-constructive-criticism-like-a-man-you-are-still-a-new-cat-in-the-game-with-a-lot-to-prove/
SHOWBIZ,How To Bang A Prostitute,For a while I didn’t understand the allure of banging a hooker. Even during my driest spells I never entertained the option...,https://tukatiane.co.ke/2016/07/28/how-to-bang-a-prostitute/
SOCIETY,4 Signs She Is Dating A Mubaba,Among the many things Kenyan girls fantasize about a lot nowaydays is dating a mubaba. The economy is no joke and if...,https://tukatiane.co.ke/2021/11/26/4-signs-she-is-dating-a-mubaba/
SOCIETY,Am I The King Of Erotica?,"About two weeks ago, I called out popular writer Silas Nyanchwani for copying me. This resulted in a Facebook war where his...",https://tukatiane.co.ke/2020/11/10/am-i-the-king-of-erotica/
SOCIETY,She Isn’t Off Limits Bro,"I’m tired of all this stupid, faux-macho BS; of all these insecure, overly confrontational dudes in clubs always being accusatory and instigating...",https://tukatiane.co.ke/2019/07/30/she-isnt-off-limits-bro/
SOCIETY,How To Become Successful – The Only Guide You’ll Ever Need,"I know why you’re here, you like most people, are either confused (am I successful or not? Do I have the right...",https://tukatiane.co.ke/2019/07/22/how-to-become-successful-the-only-guide-youll-ever-need/
SOCIETY,I Love Your Wife,A Toyota Land Cruiser V8 pulled up at the parking lot of Court 3. My eyes took a break from everything else...,https://tukatiane.co.ke/2019/06/24/i-love-your-wife/
SOCIETY,The Rise And Rise Of Sex Parties In Kenya,There has definitely been an increase in the number of sex parties happening in different towns – maybe it isn’t an actual...,https://tukatiane.co.ke/2019/05/14/the-rise-and-rise-of-sex-parties-in-kenya/
SOCIETY,Big Ass Or Big Boobs?,"Men love ass. Hell, these days ALL men love ass.",https://tukatiane.co.ke/2019/05/06/most-men-love-ass-but-some-love-boobs/
SOCIETY,Night Nurses Abandon Koinange Street For More ‘Lucrative’ Opportunities Online,"When most Nairobians hear the phrase online business, the first thing that comes to mind is online writing and transcription. While small...",https://tukatiane.co.ke/2019/01/07/night-nurses-abandon-koinange-street-for-more-lucrative-opportunities-online/
SOCIETY,Characteristics Of Kenyan Sponsors,"As you may already be aware, “sponsorship” is the concept of an older, wealthier man taking care of a pretty younger, attractive...",https://tukatiane.co.ke/2018/10/01/characteristics-of-kenyan-sponsors/
SOCIETY,Never Date Sugar Mummies,Sometimes I get messages from guys who are looking for sugar mummies and you know what? I feel like slapping the shit...,https://tukatiane.co.ke/2018/08/27/never-date-sugar-mummies/
SOCIETY,What Kind Of Man Abandons His Child?,Single mommery has been a hot topic for the longest time. I’ve never understood men who get women pregnant then refuse to...,https://tukatiane.co.ke/2018/07/11/what-kind-of-man-abandons-his-child/
SOCIETY,What A Kenyan Girl’s Taste In Music Says About Her,"The type of music a Kenyan girl listens to says a lot about her. Reggae. She’s edgy, rebellious and smokes more weed...",https://tukatiane.co.ke/2018/05/09/what-a-kenyan-girls-taste-in-music-says-about-her/
SOCIETY,I Met The Woman Of My Dreams But She Snores Like A Subaru,"This is just a brief post packed with lamentations. I met the girl of my dreams but sadly, we can’t take this...",https://tukatiane.co.ke/2018/04/24/i-met-the-woman-of-my-dreams-but-she-snores-like-a-subaru/
SOCIETY,Sex For Jobs: The Era Of Thirsty Bosses And Desperate Women,"The ‘sex for jobs’ pandemic is real. It’s prevalent in all industries. Now more than ever, women are getting pestered for sexual...",https://tukatiane.co.ke/2018/04/16/sex-for-jobs-the-era-of-thirsty-bosses-and-desperate-women/
SOCIETY,I Received An Erotic Letter From An Anonymous Lady,There’s a lady who sent me a letter via email then she just went quiet. She only referred to herself as ‘Secret...,https://tukatiane.co.ke/2018/04/04/i-received-an-erotic-letter-from-an-anonymous-lady/
SOCIETY,Polygamy Is A Wonderful Thing,There is a guy in Meru who has 18 wives and 32 children. Get that? 18 wives. And he insists he is...,https://tukatiane.co.ke/2018/03/21/polygamy-is-a-wonderful-thing/
SOCIETY,The Quagmire Of Being A Sex Writer,I write about a variety of topics but most people know me for my sex-themed articles. Let’s not kid ourselves. It takes...,https://tukatiane.co.ke/2018/02/21/sex-writing-challenges/
SOCIETY,Dear Samantha,"Dear Samantha my sex doll, How are you doing? I am writing this letter to let you know how deeply I care...",https://tukatiane.co.ke/2018/01/30/dear-samantha/
SOCIETY,5 Signs You Are An Oppressed Boy Child,"Much has been said about the boy child. Apparently, scores of men are being taken for a ride by women and they’ve...",https://tukatiane.co.ke/2018/01/22/5-signs-you-are-an-oppressed-boy-child/
SOCIETY,Ladies Who Propose To Men Are Dumb,You must have seen the video already. A Nigerian woman was left with gallons of tears flowing from her eyes after she made a...,https://tukatiane.co.ke/2018/01/18/ladies-who-propose-to-men-are-dumb/
SOCIETY,Stop Blaming “the Side Chick” For Your Unfaithful Man,"Whenever a woman discovers that her man is having an affair and then she gets the other female’s number or location, she usually...",https://tukatiane.co.ke/2018/01/16/stop-blaming-the-side-chick-for-your-unfaithful-man/
SOCIETY,My Girlfriend Cheated On Me While I Was Recovering From An Accident | Ask Etemesi,"So, a certain guy sent this text via Whatsapp and it’s my honor to extricate him from his predicament today. From your text,...",https://tukatiane.co.ke/2018/01/11/my-girlfriend-cheated-on-me-when-i-was-recovering-from-an-accident-ask-etemesi/
SOCIETY,A Massage In Maasai Mara,"I had a great time in the Mara over the last few days. I didn’t even want to come back but sadly, leisure has...",https://tukatiane.co.ke/2017/12/14/a-massage-in-maasai-mara/
SOCIETY,I Banged My Friend’s Sister,I am one of the best people to be friends with because I can teach you how to be really good with...,https://tukatiane.co.ke/2017/11/20/i-banged-my-friends-sister/
SOCIETY,You Have No Right To Hit A Woman,"You’ve probably witnessed this before. When a couple is seen fighting, people are often heard saying “mambo ya watu wawili usiingililie katikati.” True...",https://tukatiane.co.ke/2017/10/10/you-have-no-right-to-hit-a-woman/
SOCIETY,I Pretended To Be A White Guy On Tinder And This Is How Kenyan Ladies Threw Themselves At Me,"When it comes to the dating market, not all men are playing on the same field. Some are playing at the Santiago...",https://tukatiane.co.ke/2017/09/21/white-guy-experiment/
SOCIETY,Broke Girls Don’t Deserve Rich Men,"There’s an increasing number of young ladies in Kenya who strongly believe that they deserve rich men, even though their own income...",https://tukatiane.co.ke/2017/09/19/broke-girls-dont-deserve-rich-men/
SOCIETY,Do I Bang My Fans?,A lot of nye nye nye has been doing the rounds. One of the questions that has been asked again and again is...,https://tukatiane.co.ke/2017/09/04/do-i-bang-my-fans/
SOCIETY,Njoki’s Melons,"Yesterday, I arrived home at around 5:30 pm. It was raining and with no other key item on my to-do-list, I sat...",https://tukatiane.co.ke/2017/08/24/njokis-melons/
SOCIETY,5 Characteristics Of Slay Queens,"The phenomenon of the “slay queen” has been much discussed in social media circles. A slay queen is basically a diva, mostly from urban...",https://tukatiane.co.ke/2017/08/11/5-characteristics-of-slay-queens/
SOCIETY,"To Milcah, My High School Sweetheart","My dearest, sweetest, fondest, fantastic, extra-ordinary, paragon of beauty otherwise known as Milcah. The lungs in my chest flap with joy as...",https://tukatiane.co.ke/2017/08/07/to-milcah-my-high-school-sweetheart/
SOCIETY,"Dear Bitter Woman, Men Are Not The Problem, You Are The Problem","Is there anything more frustrating than a woman who won’t stop lamenting about men? Every guy tends to meet a salty, man-loathing...",https://tukatiane.co.ke/2017/07/17/dear-bitter-woman-men-are-not-the-problem-you-are-the-problem/
SOCIETY,I Sinned With A Married Woman,The past week was crazy and weird for me.  Events unfolded in a rather bizzare manner. But before I even talk about...,https://tukatiane.co.ke/2017/05/29/i-sinned-with-a-married-woman/
SOCIETY,Legs Wide Open,"I had sex with a tall girl on Monday, May 22nd. I had taken a half-day off at work. She said she’d...",https://tukatiane.co.ke/2017/05/23/legs-wide-open/
SOCIETY,Men Who Marry Early Don’t Know Better,"Once upon a time, the legendary Jamaican artiste known as Culture aka Joseph Hill once sang “Brothers and sisters, be honest to...",https://tukatiane.co.ke/2017/05/18/men-who-marry-early-dont-know-better/
SOCIETY,"A Game, A Kiss And A Fight",I am a huge Chelsea fan and I hardly ever miss a game or forget a dribble. I began supporting Chelsea exactly...,https://tukatiane.co.ke/2017/05/03/a-game-a-kiss-and-a-fight/
SOCIETY,Haters Gonna Hate,"I am a daring writer. I am super-versatile too since I write about sex, relationships, entertainment, lifestyle and business in different blogs....",https://tukatiane.co.ke/2017/04/10/haters-gonna-hate/
SOCIETY,A Letter To All Dark-Skinned Kenyan Women,"Dear dark-skinned Kenyan women, Do you know how adorable you are? Seriously. Do you know or you just assume you are not...",https://tukatiane.co.ke/2017/03/28/a-letter-to-all-dark-skinned-kenyan-women/
SOCIETY,What To Do When She Says “Niko Na Ball”,You know me. I am always against unprotected sex but boys will be boys. No matter how much I advice guys to...,https://tukatiane.co.ke/2017/03/16/what-to-do-when-she-says-niko-na-ball/
SOCIETY,We Need To Talk About Kenyans Who Invite People To Wedding Committees,"Just a few minutes ago, I was added to a wedding committee WhatsApp group by a lady I went to primary school...",https://tukatiane.co.ke/2017/03/02/we-need-to-talk-about-kenyans-who-invite-people-to-wedding-committees/
SOCIETY,"Last Friday, I Tried To Seduce An Italian Woman In Malindi And This Is What Happened","This past weekend, I was in Malindi with my colleagues. Our company was celebrating it’s one year anniversary in Kenya. It was...",https://tukatiane.co.ke/2017/03/01/last-friday-i-tried-to-seduce-an-italian-woman-in-malindi-and-this-is-what-happened/
SOCIETY,Faithful People Are More Likely To Get STDs,"In this beautiful country of ours, most people are cowards. They prefer staying as far away as possible from the truth. But I...",https://tukatiane.co.ke/2017/02/16/the-reason-faithful-people-are-more-likely-to-get-stds/
SOCIETY,5 Types Of Sleepovers You Will Get From Women,"Sleepovers are common nowadays. A chick comes over to your keja, you bang like slaves and Romans in Spartacus then in the...",https://tukatiane.co.ke/2017/02/15/5-types-of-sleepovers-you-will-get-from-women/
SOCIETY,Dear Women With Funny Looking Eyebrows…..,Help me understand you… Why is it that you draw eagle wings on top of your eyes? Why do you sculpt your...,https://tukatiane.co.ke/2016/12/28/dear-women-with-funny-looking-eyebrows/
SOCIETY,Modern Day Kenyan Women Don’t Deserve Dowry,"I am going to stress this point as much as I can. Modern day Kenyan women don’t deserve dowry. In fact, modern...",https://tukatiane.co.ke/2016/12/12/modern-day-kenyan-women-dont-deserve-dowry/
SOCIETY,10 Things You Didn’t Know About Philip Etemesi,I (Philip Etemesi) am the most exciting writer in Kenya. Everyone is well aware of that. I entertain readers in ways no...,https://tukatiane.co.ke/2016/12/01/10-things-you-didnt-know-about-philip-etemesi/
SOCIETY,The Day I Was A Victim Of ‘Kumwaga Haraka’,I remember back when I was in campus at KU. There was this really hot chick in our class that I had...,https://tukatiane.co.ke/2016/11/28/the-day-i-came-too-fast/
SOCIETY,5 Reasons Why You Should Bang A Mboch (At Least Once In Your Life),Most bros have dreamt of banging a mboch at least once in their life. There are a lot of false impressions circulating...,https://tukatiane.co.ke/2016/11/28/5-reasons-why-you-should-bang-a-mboch-at-least-once-in-your-life/
SOCIETY,5 Signs Your Girlfriend Has A Sponsor,Everyone but those living under a rock in the deepest hamlets of the Amazon rainforest knows about sugar babies. These are disproportionally...,https://tukatiane.co.ke/2016/11/24/5-sings-your-girlfriend-has-a-sponosor/
SOCIETY,I Went To A Graduation Party Where Middle Aged Women Were Shaking Their Wrinkled Behinds Like Strippers And Young Girls Were Getting Banged In Cars,"I like going to ratchet parties because the experiences always merge into an excellent tale to tell. However, there are parties I...",https://tukatiane.co.ke/2016/11/18/i-went-to-a-graduation-party-where-middle-aged-women-were-shaking-their-wrinkled-behinds-like-strippers-and-young-girls-were-getting-banged-in-cars/
SOCIETY,Mama Mboga Has A Crush On Me,"Kenya Women Fashion-468X60 My mama mboga has a crush on me. Her name is Mama Njeri, and she isn’t playing around. She’s...",https://tukatiane.co.ke/2016/11/07/mama-mboga-has-a-crush-on-me/
SOCIETY,This Is How To Stare At A Woman’s Boobs Without Offending Her,"Staring at a girl’s cleavage can make you look like a pervert. Nevertheless, the act is still considered as a must-do among...",https://tukatiane.co.ke/2016/11/03/this-is-how-to-stare-at-a-womans-boobs-without-offending-her/
SOCIETY,"Ladies, Here Is Why Men Sleep With You Once Then They Disappear",Many men love the idea of ‘hit it’ and ‘quit it’. It’s fun for us of the male species but depressing for...,https://tukatiane.co.ke/2016/10/26/ladies-here-is-why-men-sleep-with-you-once-then-they-disappear/
SOCIETY,5 Rules Every Team Mafisi Member Should Live By,I am honored to be a popular writer. But what I write doesn’t always go down well with everyone. In as much...,https://tukatiane.co.ke/2016/10/19/5-rules-every-team-mafisi-member-should-live-by/
SOCIETY,How To Quit Watching Porn,Quitting an addiction (or even a bad habit) can be a very difficult process depending on a variety of factors. Anything that...,https://tukatiane.co.ke/2016/10/12/how-to-quit-watching-porn/
SOCIETY,"Yesterday, I Tried To Seduce A Strikingly Gorgeous Bank Teller And This Is What Happened",I have banged lots of women. In fact Trust Condoms ought to give me a ‘Customer Of The Year’ award. But as...,https://tukatiane.co.ke/2016/09/20/yesterday-i-tried-to-seduce-a-strikingly-gorgeous-bank-teller-and-this-is-what-happened/
SOCIETY,"Yesterday, A Kenyan Pornstar Offered Me Sex On Whatsapp..Here Is How Our Conversation Went (Screenshots)","I am in a bit of a conundrum. A Kenyan pornstar just offered me sex. If you are following me on Facebook,...",https://tukatiane.co.ke/2016/09/20/yesterday-a-kenyan-pornstar-offered-me-sex-on-whatsapp-here-is-how-our-conversation-went-screenshots/
SOCIETY,10 Craziest Places That Nairobians Have Sex,"When it comes to shagging, i am a strong advocate for breaking out of the bed and doing it in other places....",https://tukatiane.co.ke/2016/09/19/10-craziest-places-that-nairobians-have-sex/
SOCIETY,Why Kikuyu Women Make Stubborn Girlfriends,I love Kikuyu women because they are hot and smart. Out of every ten beautiful women you see walking around the streets...,https://tukatiane.co.ke/2016/09/07/why-kikuyu-women-make-stubborn-girlfriends/
SOCIETY,Why Kenyan Men Hate Weaves,Weaves….weaves….weaves. Kenyan men hate weaves like elephants hates poachers. The dismay geared towards foreign hair has had all Kenyan women puzzled. They...,https://tukatiane.co.ke/2016/09/03/why-kenyan-men-hate-weaves/
SOCIETY,10 Jobs In Kenya That Have The Most Mafisi,"THE THIRST. It’s at an all-time high. For every girl that you reject for being unattractive or bitchy, there will be a...",https://tukatiane.co.ke/2016/08/31/10-jobs-in-kenya-that-have-the-most-mafisi/
SOCIETY,5 Reasons Why Men Sleep With The ‘Mboch’,Cases of the man of the house sleeping with the maid have become so rampant in our modern society. Marriages are being...,https://tukatiane.co.ke/2016/08/28/5-reasons-why-men-sleep-with-the-mboch/
SOCIETY,"Yesterday, I Tried To Seduce An Unbelievably Hot Female Pastor And This Is What Happened","Last Sunday, I attended the best church service of my life. I felt like the people of Corinth after the apostle Paul...",https://tukatiane.co.ke/2016/08/20/yesterday-i-tried-to-seduce-an-unbelievably-hot-female-pastor-and-this-is-what-happened/
SOCIETY,5 Reasons Why Luhya Men Are Good In Bed,All of us men from Western Kenya are bulldozers in bed. Today you can hear it right from the Luhya man’s mouth....,https://tukatiane.co.ke/2016/08/17/5-reasons-why-luhya-men-are-good-in-bed/
SOCIETY,A Letter To The Girl I Chips Fungad Last Night,"Dear Chips Funga, I’m Philip by the way. I know I never even got to tell you my name, I don’t know...",https://tukatiane.co.ke/2016/08/13/a-letter-to-the-girl-i-chips-fungad-last-night/
SOCIETY,5 Signs She Is A ‘Fisilet’,"It’s quite obvious that nowadays, men aren’t the only thirsty species. Young chicks have joined the reckless lust bandwagon too. They project...",https://tukatiane.co.ke/2016/08/10/5-signs-she-is-a-fisilet/
SOCIETY,"When A Man Buys You A Drink, It’s Not A GIFT it’s An INVESTMENT","Ladies, the way that some of you look when you leave the house [especially women in my city, Nairobi – where some of...",https://tukatiane.co.ke/2016/08/09/when-a-man-buys-you-a-drink-its-not-a-gift-its-an-investment/
SOCIETY,10 Reasons Why Nakuru Has The Sweetest And Sexiest Girls,Chics from Nax Vegas are the sweetest. Any guy who has ever dealt with them will tell you the same. Except for...,https://tukatiane.co.ke/2016/07/31/10-reasons-why-nakuru-has-the-sweetest-and-sexiest-girls/
SOCIETY,5 Things You Didn’t Know About Ugandan Women,There’s abundance in Africa and Ugandan women are part of it. I have been to Uganda five times and I’m looking forward...,https://tukatiane.co.ke/2016/07/30/5-things-you-didnt-know-about-ugandan-women/
SOCIETY,5 Things You Didn’t Know About ‘Eastlando’ Chics,"In Eastlands, anything goes. It’s one region in Nairobi that’s always full of adventure and legendary tales. Growing up in the flats,...",https://tukatiane.co.ke/2016/07/30/5-things-you-didnt-know-about-eastlando-chics/
SOCIETY,10 Types Of Nairobi Chics That Are Easy To Get,"Nairobi has lots of interesting women. If you want to get laid easily, there are some types of chics you need to...",https://tukatiane.co.ke/2016/07/29/10-types-of-nairobi-chics-that-are-easy-to-get/
SOCIETY,An Open Letter To My Future Children,"Dear fruits of my loins, First of all, congratulations in advance for the fact that you will be brought into this world...",https://tukatiane.co.ke/2016/07/20/an-open-letter-to-my-future-children/
SOCIETY,10 Signs You Are Too Old To Be In The Club,"I am glad i am still a youngster with many clubbing years ahead of me. However, some guys just need to leave...",https://tukatiane.co.ke/2016/07/19/10-signs-you-are-too-old-to-be-in-the-club/
SOCIETY,Why Luhya Women Make The Best Girlfriends,"While I don’t discriminate against any particular tribe, I still like to go back to my roots and date Luhya women every...",https://tukatiane.co.ke/2016/07/16/why-luhya-women-make-the-best-girlfriends/
SEX TIPS,How to Give Her an Oh-Gasm (In Pictures),"Pictures speak a thousand words, so here we go Position One Position Two Position Three",https://tukatiane.co.ke/2023/09/13/how-to-give-her-an-oh-gasm-in-pictures/
SEX TIPS,What If Someone Catches You Masturbating?,"Every man masturbates. It’s called jerking off. Well, jerking off has been one of the most popular hobbies in Kenya ever since...",https://tukatiane.co.ke/2019/08/09/what-if-you-someone-catches-you-masturbating/
SEX TIPS,Oral Sex Is Only Good If You Do It This Way,"No matter how old you are, you can always learn a thing or two when it comes to sex. More specifically, oral...",https://tukatiane.co.ke/2019/07/02/ladies-have-you-ever-been-licked-like-a-cat-licks-their-milk/
SEX TIPS,These Oral Sex Blunders Are Super Annoying,"Oral sex is a sensitive topic; some people love it, some people just do it, and some people hate it. Whatever category...",https://tukatiane.co.ke/2019/06/03/mistakes-you-shouldnt-make-during-oral-sex/
SEX TIPS,Good Girl Gone BAD,"Every girl thinks they have Pro pussy, but they’ve been mislead. You may say pussy is pussy but damn some pussy😋😋 make...",https://tukatiane.co.ke/2019/04/20/good-girl-gone-bad/
SEX TIPS,Reasons Why Men Should Talk During Sex,Talking dirty is a vital form of communication when it comes to sex. Talking dirty is definitely something everyone should try. Since...,https://tukatiane.co.ke/2019/04/08/reasons-why-men-should-talk-during-sex/
SEX TIPS,Bedroom Bully: Signs You’re Hitting It Real Good,"Reading a woman’s thoughts and emotions can be quite difficult especially during sex, but there are a few physical and verbal signs...",https://tukatiane.co.ke/2019/03/25/bedroom-bully-signs-youre-hitting-it-real-good/
SEX TIPS,Bad Day In The Office 🍆💦,If you’re a man or a woman. One of your sex partners has let you down. They had one job. Just one....,https://tukatiane.co.ke/2019/02/25/bad-day-in-the-office/
SEX TIPS,Does Size Matter?,"At the end of the day it's all about who made you cum, is it the big dick or the small dick?",https://tukatiane.co.ke/2019/02/16/does-size-matter/
SEX TIPS,Why Men Prefer The Pull Out Method,Pulling out is considered the absolute dumbest pregnancy prevention method but pulling out can be reliable at preventing pregnancy as condoms.,https://tukatiane.co.ke/2019/02/05/why-men-prefer-the-pull-out-method/
SEX TIPS,How To Ride,"Thou Shall Not Let the Dick Slip Out. With that being said, once you see his package it’s up to you to...",https://tukatiane.co.ke/2019/01/23/how-to-ride-dick/
SEX TIPS,The Allure Of Good Punani,"Despite what people like to think, not all punani is created equal. There is pussy that you won’t regret leaving then there...",https://tukatiane.co.ke/2018/12/05/11-things-good-pussy-will-make-you-do/
SEX TIPS,The Gospel Of Missionary Sex,"Missionary sex gets a bad rap from all these adventurous, know-it-all, twist me sideways yoga and acrobatic sexperts. They say missionary is...",https://tukatiane.co.ke/2018/11/01/the-gospel-of-missionary-sex/
SEX TIPS,How To Ask Her For Nude Photos Without Looking Like A Creep,"Lots of guys love nekkid pichas, i included. The main problem with asking girls to Whatsapp or Snapchat you delicious nudies of...",https://tukatiane.co.ke/2018/09/04/how-to-ask-a-girl-for-nude-photos/
SEX TIPS,A Blow Job Tip For Lazy Chicks,"Here’s the thing about having your dilidong in a girl’s mouth: it is awesome. Even when blow jobs aren’t served to perfection,...",https://tukatiane.co.ke/2018/07/04/a-blow-job-tip-for-lazy-chicks/
SEX TIPS,"How To Go Down On A Girl, If You Hate Going Down On Girls",Women wouldn’t like to hear this but a lot of guys don’t like eating pussy. They just feel obligated to do it....,https://tukatiane.co.ke/2018/05/22/how-to-go-down-on-a-girl-if-you-hate-going-down-on-girls/
SEX TIPS,Cool Girls Don’t Wear Panties,"The decision to not wear underwear, otherwise known as ‘going commando’ was in the past seen as something only slutty girls would...",https://tukatiane.co.ke/2018/05/15/cool-girls-dont-wear-panties/
SEX TIPS,Do Her A Favour And Tell Her What You Like In Bed,"Two days ago, I made a special wish to the universe. I didn’t ask for global peace or a Nairobi without water...",https://tukatiane.co.ke/2018/04/24/do-her-a-favour-and-tell-her-what-you-like-in-bed/
SEX TIPS,The Best Sex Position For Girls With Small Or Medium Asses,"There are a few important, mind boggling questions that we face throughout life: What came first, the chicken or the egg? What...",https://tukatiane.co.ke/2018/03/08/the-best-sex-position-for-girls-with-small-or-medium-asses/
SEX TIPS,How To Prepare For A Dick Appointment (A Guide For Ladies),A dick appointment is when a lady agrees on a date and time to meet with a guy and have sex. She knows it’s...,https://tukatiane.co.ke/2018/03/01/how-to-prepare-for-a-dick-appointment-a-guide-for-ladies/
SEX TIPS,Anal Sex? No Thanks!!,I happened to angukia a muindi chick recently. She had an alluring creamy complexion and her legs were replicas of Eve D’Souza’s....,https://tukatiane.co.ke/2018/02/08/anal-sex-no-thanks/
SEX TIPS,Thou Shall Not Consume P2 Like Njugu,Why do some ladies consume P2 too frequently? Do they think it’s njugu? Or popcorn? Or chipo mwitu? While bearing the resentment...,https://tukatiane.co.ke/2018/02/01/thou-shall-not-consume-p2-like-njugu/
SEX TIPS,Heisenberg’s Theory Of Orgasm Uncertainty,"I can already picture people who were anti-sciences scratching their heads right now…….haha. Don’t worry, You gon leeeearn today. I am going...",https://tukatiane.co.ke/2017/11/02/heisenbergs-theory-of-orgasm-uncertainity/
SEX TIPS,Titty Touching Tutorial: How To Hike Her Hills,Boobies. Breasts. Bust. Tits. Tatas. Melons. Mountains. Hills. Mammary Glands. Jugs. All these names are used to connote two round mounds of...,https://tukatiane.co.ke/2017/10/03/titty-touching-tutorial-how-to-hike-her-hills/
SEX TIPS,A Blow Job A Day Keeps The Doctor Away,"Being a nerd with a brain like Dexter’s, I enjoy conducting extensive research on various phenomena from time to time. Lately I...",https://tukatiane.co.ke/2017/08/30/get-bjs-daily/
SEX TIPS,Period Sex aka Crossing The Red Sea,"I recently received a message from a lovely lady who only identified herself as Nyambura. She asked me to write about period sex,...",https://tukatiane.co.ke/2017/08/22/period-sex-aka-crossing-the-red-sea/
SEX TIPS,Fundamentals Of Doggy Style,Remember when I wrote the tale Making Doggy Style Great Again? That story made people hornier than David when he saw Bathsheba...,https://tukatiane.co.ke/2017/07/11/fundamentals-of-doggy-style/
SEX TIPS,All Girls Want Dick,Allow me to offer a scalding dose of realism about what girls want as opposed to what society has told us they...,https://tukatiane.co.ke/2017/06/15/all-girls-want-dick/
SEX TIPS,Shower Sex Is Overrated,Movies are basically lie machines when it comes to representing sex. They show you a couple deliciously mating as water runs down...,https://tukatiane.co.ke/2017/05/31/shower-sex-is-overrated/
SEX TIPS,The Art Of Talking Dirty,"KE Gif Ge 720X300 Dirty sex talk ranks up there with full body massages, nipple-sucking, gentle-strangling and spanking as a clit detonator...",https://tukatiane.co.ke/2017/05/24/the-art-of-talking-dirty/
SEX TIPS,Thou Shall Not Eat All Pussy,"With the desire to impress and showcase their bedroom skills, a lot of men always choose to dive down with their mouths...",https://tukatiane.co.ke/2017/04/12/thou-shall-not-eat-all-pussy/
SEX TIPS,Why You Should Not Ditch Condoms When You Are In A Serious Relationship,"There are a ton of benefits to being in a serious, long-term committed relationship. You get to share a unique love with...",https://tukatiane.co.ke/2017/02/11/is-it-okay-to-stop-using-a-condom-when-you-are-in-a-serious-relationship/
SEX TIPS,Deflowering A Virgin (How To Do It Right),"If you are a keen follower of my articles, you know this is a topic I’ve touched on before. But they say...",https://tukatiane.co.ke/2017/02/01/deflowering-a-virgin-how-to-do-it-right/
SEX TIPS,10 Types Of Blowjobs You Will Get From Kenyan Women,"They say if a girl wont get on her knees and suck your cock whenever you demand it, she isn’t fond of you....",https://tukatiane.co.ke/2017/01/30/10-types-of-blowjobs-you-will-get-from-kenyan-women/
SEX TIPS,Why ‘Njugu’ Is A Man’s Best Medicine,"Every Kenyan man knows that njugu is somehow related to sex. Ever since we were adolescents, the allure of the nuts was...",https://tukatiane.co.ke/2017/01/16/why-njugu-is-a-mans-best-medicine/
SEX TIPS,‘Condom Sex’ Vs ‘Dry Fry Sex’ (A Brief Analysis),I don’t know who came up with the term ‘kunyanduana dry fry’ but I find it hilarious. Others like to call it...,https://tukatiane.co.ke/2017/01/11/condom-sex-vs-dry-fry-sex-a-brief-analysis/
SEX TIPS,Masturbation Tips For Women,"Ladies, masturbation is necessary for you too. It’s not just a dude thing. You have to touch yourself and appreciate your pussy....",https://tukatiane.co.ke/2016/12/29/how-to-masturbate-and-cum-like-a-tap-a-guide-for-women/
SEX TIPS,LADIES: 6 Signs You Gave Him The Punani Too Soon,Today let me cockblock some people.I know a good number of ladies will be locking up their punanis with Solex padlock after...,https://tukatiane.co.ke/2016/11/30/ladies-6-signs-you-gave-him-the-punani-too-fast/
SEX TIPS,What To Do When She Says “Go Deeper”,"Kenyan women are a complicated bunch. Sometimes you are there in bed with a fine girl, naked, ploughing her punani, thinking you...",https://tukatiane.co.ke/2016/11/19/what-to-do-when-she-says-go-deeper/
SEX TIPS,How To Undress A Woman,I get tons of questions from readers on a daily basis. The majority of questions come from male readers who want to...,https://tukatiane.co.ke/2016/11/15/how-to-undress-a-woman/
SEX TIPS,6 Sex Requests That Women Are Tired Of Hearing,"Most of us guys fantasize about the things we would do with women behind closed doors so from time to time, we...",https://tukatiane.co.ke/2016/11/03/6-sex-requests-that-women-are-tired-of-hearing/
SEX TIPS,10 Things A Woman Thinks Of When She Sees A New Penis,"A few days ago, I wrote 10 Things Women think of When Sucking A Man’s D. As if that was not enough, my...",https://tukatiane.co.ke/2016/11/03/10-things-a-woman-thinks-of-when-she-sees-a-new-penis/
SEX TIPS,LADIES: 5 Signs Your Man Isn’t Enjoying Sex With You,There seems to be a popular misguided and misconstrued notion amongst Kenyan women that all they have to do during sex is to...,https://tukatiane.co.ke/2016/11/02/ladies-5-signs-your-man-isnt-enjoying-sex-with-you/
SEX TIPS,How To Ask Your Girlfriend For A Threesome,There are many guys out there who have shagged plenty of chics but what they’ve never had is a threesome. The threesome...,https://tukatiane.co.ke/2016/10/31/how-to-ask-your-girlfriend-for-a-threesome/
SEX TIPS,10 Things Ladies Think About When Sucking A Man’s ‘D’,I am grateful for having some crazy female friends. In as much as I prefer not asking for other people’s opinion while...,https://tukatiane.co.ke/2016/10/26/10-things-ladies-think-about-when-sucking-a-mans-d/
SEX TIPS,How To Shag Hot Campus Girls And Make Them Sing Your Name,Campus is the best place to sharpen your game as a man. There are a lot of pretty girls and the good...,https://tukatiane.co.ke/2016/10/19/how-to-shag-hot-campus-girls-and-make-them-sing-your-name/
SEX TIPS,How To Bring Up Sex Topics When Talking To  A Girl,"A lot of guys struggle to bring up sexual topics when in conversations with girls and as a result, they take too...",https://tukatiane.co.ke/2016/10/11/how-to-bring-up-sex-topics-when-talking-to-a-girl/
SEX TIPS,LADIES: How To Ride Your Man In Bed,"Kenyan ladies, you all need to learn how to ride your man in bed. It’s otherwise known as the ‘cowgirl sex position’....",https://tukatiane.co.ke/2016/10/03/ladies-how-to-ride-your-man-in-bed/
SEX TIPS,How To Make A Woman Squirt,"As the sheriff, I always find it necessary to lead by example. So before I begin this article, I’d love to show...",https://tukatiane.co.ke/2016/09/28/how-to-make-a-woman-squirt/
SEX TIPS,How To Make Sure The Condom Doesn’t Break During Sex,"Guys, if CDs break too often while you are using them, it’s not likely something is wrong with condoms, but that something...",https://tukatiane.co.ke/2016/09/08/how-to-make-sure-the-condom-doesnt-break-during-sex/
SEX TIPS,5 Reasons Why She Has Stopped Giving You The Punani,"The first several months of a new relationship are bliss: You can’t keep your hands off each other. You’re having sex once,...",https://tukatiane.co.ke/2016/09/08/5-reasons-why-she-has-stopped-giving-you-the-punani/
SEX TIPS,Rules For Sending Pictures Of Your Dick To Women,There’s one simple advice I give to guys when it comes to sending dick pics. And that advice is ‘NEVER DO IT!!!’...,https://tukatiane.co.ke/2016/09/06/rules-for-sending-pictures-of-your-dick-to-women/
SEX TIPS,How To Negotiate With A Kenyan Girl For Sex When She Comes To Your Place,Kenyan ladies never understand that we men are wired to expect séx whenever they visit us at our places. It’s the noble...,https://tukatiane.co.ke/2016/08/30/how-to-negotiate-with-a-kenyan-girl-for-sex-when-she-comes-to-your-place/
SEX TIPS,"Ladies, Here’s Why You Should Run When A Man Says “Nitaingiza Kichwa Tu”","Yesterday while sitting on my couch, I thought about the desperate things we men do sometimes just to get into the pants...",https://tukatiane.co.ke/2016/08/26/ladies-heres-why-you-should-run-when-a-man-says-nitaingiza-kichwa-tu/
SEX TIPS,5 Things You Should Never Say To A Woman After Sex,"Guys,,,,guys,,,I know you love eating the forbidden fruit but after throwing away the seeds, there are also forbidden things you are not...",https://tukatiane.co.ke/2016/08/26/5-things-you-should-never-say-to-a-woman-after-sex/
SEX TIPS,This Is What Will Make Her Addicted To You,Want a woman to set you apart from every other man she’s ever had sex with? Always make her cum. Want a...,https://tukatiane.co.ke/2016/08/25/this-is-what-will-make-her-addicted-to-you/
SEX TIPS,How To Spank A Woman,"Virtually every man on Earth, whether African, European or alien has had the desire to spank a chick until she screams “yes...",https://tukatiane.co.ke/2016/08/24/how-to-spank-a-woman/
SEX TIPS,10 Things Nairobi Women Want In Bed,"It’s so interesting how many women blame men when the sex is bad, but never think that perhaps it’s them who sucked....",https://tukatiane.co.ke/2016/08/12/10-things-nairobi-women-want-in-bed/
SEX TIPS,How To Kiss A Woman,You can tell if you kissed a girl when by how she reacts when you back away from her lips. If her...,https://tukatiane.co.ke/2016/08/07/how-to-kiss-a-woman/
SEX TIPS,Are You The Good Boyfriend Or The Vagina Destroyer?,Men are burdened with a duality. We feel impelled to commit to a chaste woman but we will happily sleep around with raging sluts....,https://tukatiane.co.ke/2016/08/04/are-you-the-good-boyfriend-or-the-vagina-destroyer/
SEX TIPS,“Hide That Erection Sir!!!”,"Today as I was heading home, my eyes landed on a wonder of a chick. She had a certain kind of legs,...",https://tukatiane.co.ke/2016/07/27/hide-that-erection-sir/
SEX TIPS,5 Reasons Why Kenyan Men Hate Using Condoms,"Kenyan men hate using condoms. Not all but majority of us. Personally, I mind my health hence I never take risks. I...",https://tukatiane.co.ke/2016/07/27/5-reasons-why-kenyan-men-hate-using-condoms/
SEX TIPS,5 Things Kenyan Men Want In Bed,"As a Kenyan man, I have a number of expectations whenever a woman lets me unclasp her bra. Through our ‘mantalk’ moments,...",https://tukatiane.co.ke/2016/07/16/2190/
EROTICA,The Dirty Old Man,"Mr. Kamulu had been in worse situations before, and there was no doubt he would be in worse in the future. But...",https://tukatiane.co.ke/2019/10/30/the-dirty-old-man/
EROTICA,Sweetness And Sorrow,"Moraa whips out her I-phone and traces the gallery with her fingers. She taps on a lengthy video recording, a sex tape...",https://tukatiane.co.ke/2019/10/30/sweetness-and-sorrow/
EROTICA,Conjugal Bliss,"Joe covers his three-year-old daughter with a duvet and kisses her on the forehead. “Good night Nuri, sleep well. Who loves you?”...",https://tukatiane.co.ke/2019/10/30/conjugal-bliss/
EROTICA,Last Night,"It all happened last night……….. “This is what I want,” I say to her. “I want you to come to me completely...",https://tukatiane.co.ke/2019/09/20/last-night/
EROTICA,Tit For Tat,Baba Nelson had been sleeping with the maid for a few months now. Tasha was suspicious the first time she met the...,https://tukatiane.co.ke/2019/09/13/tit-for-tat/
EROTICA,Forgive Me Husband,Mrs. Oluoch stared at the bed and the man sprawled across it in horror as she stumbled back. The knowledge of the...,https://tukatiane.co.ke/2019/09/06/forgive-me-husband/
EROTICA,The Masseuse,“But I am a Kikuyu. Do you really think I can become the next MP for Kibra?” Waithera sounded worried on the...,https://tukatiane.co.ke/2019/08/26/the-masseuse/
EROTICA,How To Purchase My New Book ‘The Fornicator’,"FI: El Carna Good news people, I have finally released my first book. It’s a novel classified under the ‘erotica/romance’ genre, just...",https://tukatiane.co.ke/2019/08/14/how-to-purchase-my-new-book-the-fornicator/
EROTICA,A Place Between The Thighs,ADVISORY: This story is clasified as erotic fiction. Any resemblence to real characters or events is purely coincidental. It didn’t take much...,https://tukatiane.co.ke/2019/07/19/a-place-between-the-thighs/
EROTICA,Mama Collins Kissed The Maid,"WARNING: This story contains detailed descriptions of sexual acts. If you are holier-than-thou and judgmental, close it and open the bible instead....",https://tukatiane.co.ke/2019/06/28/mama-collins-kissed-the-maid/
EROTICA,Etemesi’s Tales | Rise Of The ‘Mjulubeng’,WARNING EXPLICIT CONTENT: Do not read if you are judgy and holier than thou  There is a ‘fine ghel’ who had been...,https://tukatiane.co.ke/2018/11/23/etemesis-tales-rise-of-the-mjulubeng/
EROTICA,Etemesi’s Tales | The Kinyozi Massage Girl,WARNING EXPLICIT CONTENT; Go read a storybook if you are holier than thou. There is this cool kinyozi that I usually go...,https://tukatiane.co.ke/2018/10/02/etemesis-tales-the-kinyozi-massage-girl/
EROTICA,Mobetto’s Buttocks – A Celebrity Sex Story,"“Usiwe na wasiwasi, Zari hayuko leo. Atarejea baada ya siku tatu” Diamond told Mobetto as he stared at her lustfully. She smiled....",https://tukatiane.co.ke/2018/09/12/mobettos-buttocks-a-celebrity-sex-story/
EROTICA,Sweet Sidika – A Celebrity Sex Story,"Otile was chilling at a restaurant located just five minutes from where he lived. He was having lunch with Njoki, a slay...",https://tukatiane.co.ke/2018/07/25/sweet-sidika-a-celebrity-sex-story/
EROTICA,Etemesi’s Tales | Smashing Raw,WARNING: Explicit Content: Do Not Read If You Are Holier Than Thou Wednesday evening (6:14 pm). The skies had turned graphite in...,https://tukatiane.co.ke/2018/05/17/etemesis-tales-smashing-raw/
EROTICA,Utamu In Watamu | By Divalicous Shiko,DISCLAIMER!! Adult Content: Do Not Read If You Are Holier Than Thou I sat back against the leather seat in the booth...,https://tukatiane.co.ke/2018/05/04/utamu-in-watamu-by-divalicous-shiko/
EROTICA,Etemesi’s Tales | My First Sex Tape,WARNING EXPLICIT CONTENT: Fuck off if you are holier than thou. NOTE: This is a continuation of the story ‘From Chicago With Lust.’ In...,https://tukatiane.co.ke/2018/04/05/etemesis-tales-my-first-sex-tape/
EROTICA,Etemesi’s Tales | From Chicago With Lust,"It was around 12:30 pm on Tuesday last week and after periods of gloomy weather, the sun had finally come out. I...",https://tukatiane.co.ke/2018/03/29/etemesis-tales-from-chicago-with-lust/
EROTICA,I Slept With A Nduthi Guy | By Divalicious Shiko,"Wassup people, It’s me Shiko and I am back with another story. I am glad that you guys loved my previous story...",https://tukatiane.co.ke/2018/03/09/i-slept-with-a-nduthi-guy-by-divalicious-shiko/
EROTICA,Etemesi’s Tales | A Nude Photo And A Bottle Of Wine,"WARNING EXPLICIT CONTENT: Do Not Read If You Are Holier Than Thou February 14th, 2018. Another Valentine’s Day was upon us and...",https://tukatiane.co.ke/2018/02/15/etemesis-tales-a-nude-photo-and-a-bottle-of-wine/
EROTICA,Etemesi’s Tales | The Curious Case Of Naliaka’s Buttocks,WARNING EXPLICIT CONTENT: Do Not Read If You Are Holier Than Thou I was in my ocha this past weekend. I am...,https://tukatiane.co.ke/2018/01/26/etemesis-tales-the-curious-case-of-naliakas-buttocks/
EROTICA,My Night With A Sponsor | By Divalicious Shiko,"My name is Divalicious Shiko. I am a proud slay queen, campus student and lover of life. I love writing and I...",https://tukatiane.co.ke/2018/01/04/my-night-with-a-sponsor-by-divalicious-shiko/
EROTICA,Etemesi’s Tales | Perfect Penetration,WARNING EXPLICIT CONTENT: Do Not Read If You Are Holier Than Thou Let me tell you something about myself. I’ve had eye...,https://tukatiane.co.ke/2017/12/21/etemesis-tales-perfect-penetration/
EROTICA,Etemesi’s Tales | ‘Eating Moraa’,WARNING EXPLICIT CONTENT: Do Not Read If You Are Holier Than Thou Moraa gives me a heavy-lidded look of lust with her...,https://tukatiane.co.ke/2017/11/30/etemesis-tales-eating-moraa/
EROTICA,Etemesi’s Tales | Licence To Fornicate,"WARNING  EXPLICIT CONTENT: Do Not Read If You Are Holier Than Thou Laura’s right leg is on the floor. It is long, bare...",https://tukatiane.co.ke/2017/11/09/etemesis-tales-licence-to-fornicate/
EROTICA,Etemesi’s Tales | Naughty In Naivasha,WARNING EXPLICIT CONTENT: Do Not Read If You Are Holier Than Thou The night of Saturday (14th October) found me at Enashipai...,https://tukatiane.co.ke/2017/10/19/etemesis-tales-naughty-in-naivasha/
EROTICA,Etemesi’s Tales | Fatuma The ‘Headmistress’,WARNING EXPLICIT CONTENT: Do Not Read If You Are Holier Than Thou What do you call a female master? A mistress of...,https://tukatiane.co.ke/2017/09/28/etemesis-tales-fatuma-the-headmistress/
EROTICA,Etemesi’s Tales | Punani For My Birthday,WARNING EXPLICIT CONTENT: Do Not Read If You Are Holier Than Thou Last Friday (September 1st) was my birthday. I am getting...,https://tukatiane.co.ke/2017/09/07/hot-birthday-lungula/
EROTICA,Etemesi’s Tales | Cumming To Birth,WARNING EXPLICIT CONTENT: Do Not Read If You Are Holier Than Thou Remember the letter that I wrote to my high school...,https://tukatiane.co.ke/2017/08/18/etemesis-tales-cumming-to-birth/
EROTICA,Etemesi’s Tales | The Girl Who Came With A Dildo,WARNING EXPLICIT CONTENT: Do Not Read If You Are Holier Than Thou Tuesday nights are normally dull for me but this past...,https://tukatiane.co.ke/2017/07/20/etemesis-tales-the-girl-who-came-with-a-dildo/
EROTICA,Etemesi’s Tales | Ass In The Air,"WARNING EXPLICIT CONTENT: Do Not Read If You Are Holier Than Thou  Gidi and I sat silently in the car, outside a...",https://tukatiane.co.ke/2017/07/06/etemesis-tales-ass-in-the-air/
EROTICA,Etemesi’s Tales | Wet And Sweet,WARNING EXPLICIT CONTENT: Do not read if you are holier than thou. Note: This story is linked to the one I recently...,https://tukatiane.co.ke/2017/06/22/etemesis-tales-wet-and-sweet/
EROTICA,Etemesi’s Tales | Who Is Your Daddy?,WARNING EXPLICIT CONTENT: Do not read if you are holier than thou. I am writing this story on the morning of Thursday...,https://tukatiane.co.ke/2017/06/08/etemesis-tales-who-is-your-daddy/
EROTICA,Etemesi’s Tales | The Girl Who Didn’t Wear Panties,"WARNING EXPLICIT CONTENT: Do Not Read If You Are Holier Than Thou During the Easter holidays, I decided to go to Kampala with...",https://tukatiane.co.ke/2017/05/25/etemesis-tales-the-girl-who-didnt-wear-panties/
EROTICA,Etemesi’s Tales | Sex And Hip Hop,"WARNING EXPLICIT CONTENT: Do Not Read If You Are Holier Than Thou. Note: This is a continuation of the story ‘A Game,...",https://tukatiane.co.ke/2017/05/11/etemesis-tales-sex-and-hip-hop/
EROTICA,Etemesi’s Tales | Dirty Daniella,WARNING EXPLICIT CONTENT: Do Not Read if You Are Holier Than Thou Fucking in a bush is risky business but we did...,https://tukatiane.co.ke/2017/04/21/etemesis-tales-dirty-daniella/
EROTICA,Poles And Titties (Part 2),"Written by T.R. Note: This is a guest post by T.R, a gifted seducer and fun loving writer from Nairobi. Do not...",https://tukatiane.co.ke/2017/04/18/poles-and-titties-part-2/
EROTICA,Poles And Titties,"Written by T.R. Note: This is a guest post by T.R, a gifted seducer and fun loving writer from Nairobi. Do not...",https://tukatiane.co.ke/2017/04/14/banging-a-stripper/
EROTICA,Etemesi’s Tales | Spankings At A Bash,WARNING EXPLICIT CONTENT: Do Not Read If You Are Holier Than Thou Additional info: The following took place last Sunday Night (April...,https://tukatiane.co.ke/2017/04/06/etemesis-tales-spankings-at-a-bash/
EROTICA,Etemesi’s Tales | A Threesome With Twins,"WARNING EXPLICIT CONTENT: Do Not Read If You Are Holier Than Thou Around Thursday last week, I happened to see the following...",https://tukatiane.co.ke/2017/03/23/very-hot-threesome/
EROTICA,Etemesi’s Tales | Mixing Business With Pleasure,"WARNING EXPLICIT CONTENT: Do Not Read If You Are Holier Than Thou I let my gaze rove over Mildred, taking in the...",https://tukatiane.co.ke/2017/03/09/etemesis-tales-mixing-business-with-pleasure/
EROTICA,Etemesi’s Tales | How My Neighbour Caught Me In Bed With His Daughter,"WARNING EXPLICIT CONTENT: Do Not Read If You Are Holier Than Thou These past few weeks have been crazy for me. First,...",https://tukatiane.co.ke/2017/02/23/etemesis-tales-how-my-neighbour-caught-me-in-bed-with-his-daughter/
EROTICA,Etemesi’s Tales | Pushing It In,WARNING EXPLICIT CONTENT: Do Not Read If You Are Holier Than Thou The events depicted in this story happened on the night...,https://tukatiane.co.ke/2017/02/09/etemesis-tales-pushing-it-in/
EROTICA,Etemesi’s Tales | Cakes And Nipples,WARNING EXPLICIT CONTENT: Do Not Read If You Are Holier Than Thou It’s 2 pm this past Sunday. I walk out of...,https://tukatiane.co.ke/2017/02/02/etemesis-tales-cakes-and-nipples/
EROTICA,Etemesi’s Tales | Intercourse In The Car,WARNING EXPLICIT CONTENT: Do Not Read If You Are Holier Than Thou ADDITIONAL NOTE: This Is A Continuation Of The Tale “Tasting...,https://tukatiane.co.ke/2017/01/19/etemesis-tales-intercourse-in-the-car/
EROTICA,Etemesi’s Tales | Tasting Mwikali’s Lips,It’s 11:30 am this past Tuesday and I step out of the elevator to walk into one of the poshest office spaces...,https://tukatiane.co.ke/2017/01/12/etemesis-tales-tasting-mwikalis-lips/
EROTICA,Etemesi’s Tales | Happy New Pussy!!!,WARNING EXPLICIT CONTENT: Do Not Read if You Are Holier Than Thou It’s the morning of 1st Jauary 2017. I wake up...,https://tukatiane.co.ke/2017/01/05/etemesis-tales-happy-new-pussy/
EROTICA,Etemesi’s Tales | Sex On The Carpet,WARNING EXPLICIT CONTENT: Do Not Read If You Are Holier Than Thou   NOTE: This is a continuation of the story Panties...,https://tukatiane.co.ke/2016/12/16/etemesis-tales-sex-on-the-carpet/
EROTICA,Etemesi’s Tales | Panties On The Floor,It all happened last Sunday afternoon. I was chilling in Java at the Junction Mall with two of my buddies Jabali and...,https://tukatiane.co.ke/2016/12/09/etemesis-tales-panties-on-the-floor/
EROTICA,Etemesi’s Tales | “Nitaingiza Kichwa Tu”,"WARNING EXPLICIT CONTENT: Do Not Read If You Are Holier Than Thou Several years ago, after I had just finished high school,...",https://tukatiane.co.ke/2016/12/02/etemesis-tales-nitaingiza-kichwa-tu/
EROTICA,Etemesi’s Tales | Sexing Stella,"WARNING EXPLICIT CONTENT: Do Not Read If You Are Holier Than Thou This is a continuation of the story about Stella, the...",https://tukatiane.co.ke/2016/11/25/etemesis-tales-sexing-stella/
EROTICA,Etemesi’s Tales | How I Banged A Chinese Woman Like A Bull,"WARNING EXPLICIT CONTENT: Do Not Read If You Are Holier Than Thou Last week, I was in love. Yes, cupid had struck...",https://tukatiane.co.ke/2016/11/20/etemesis-tales-how-i-banged-a-chinese-woman-like-a-bull/
EROTICA,Etemesi’s Tales | Making Doggy Style Great Again,WARNING EXPLICIT CONTENT: Do Not Read If You Are Holier Than Thou. My hand is inside Bella’s skirt. I can feel her juices...,https://tukatiane.co.ke/2016/11/11/etemesis-tales-making-doggy-style-great-again/
EROTICA,Etemesi’s Tales | Shagging A Nurse,"WARNING EXPLICIT CONTENT: Do Not Read If You Are Holier Than Thou Remember when I said I wasn’t lucky with nurses? Well, that...",https://tukatiane.co.ke/2016/11/07/etemesis-tales-shagging-a-nurse/
EROTICA,Etemesi’s Tales | A Quickie In Buruburu,WARNING EXPLICIT CONTENT: Do Not Read if You Are Holier Than Thou. It’s Thursday afternoon. Mishie called me on a moment’s notice...,https://tukatiane.co.ke/2016/11/04/etemesis-tales-a-quickie-in-buruburu/
EROTICA,Etemesi’s Tales | The Girl Who Was Addicted To Masturbation,WARNING EXPLICIT CONTENT: Do Not Read If You Are Holier Than Thou The heat of my body meets the chill in hers...,https://tukatiane.co.ke/2016/10/28/etemesis-tales-the-girl-who-was-addicted-to-masturbation/
EROTICA,Etemesi’s Tales | Sex In A Sugarcane Plantation,"WARNING EXPLICIT CONTENT: Do Not Read If You Are Holier Than Thou As you know by now, I hail from Western Kenya....",https://tukatiane.co.ke/2016/10/21/etemesis-tales-sex-in-a-sugarcane-plantation/
EROTICA,Etemesi’s Tales | How I Shagged A Girl At Her Own Graduation Party,WARNING EXPLICIT CONTENT: Do Not Read If You Are Holier Than Thou   Note: The following took place last year after a Moi University...,https://tukatiane.co.ke/2016/10/14/etemesis-tales-how-i-shagged-a-girl-at-her-own-graduation-party/
EROTICA,Etemesi’s Tales | Enjoying Anyango’s Sweetness,"WARNING EXPLICIT CONTENT: Do Not Read Near Your Mama   The following events took place on Thursday, 6th October 2016.   “Unataka...",https://tukatiane.co.ke/2016/10/07/etemesis-tales-enjoying-anyangos-sweetness/
EROTICA,Etemesi’s Tales | How I Banged A Kenyan Pornstar,WARNING EROTICA: Do Not Read If You Are Holier Than Thou You remember Anne? The pornstar who asked me to fuck her?...,https://tukatiane.co.ke/2016/09/30/etemesis-tales-how-i-banged-a-kenyan-pornstar/
EROTICA,Etemesi’s Tales | I Finally Banged The Bank Teller,"WARNING EXPLICIT CONTENT: Do Not Read If You Are Holier Than Thou Or Addicted To Wanking As you might remember, around three...",https://tukatiane.co.ke/2016/09/29/etemesis-tales-i-finally-banged-the-bank-teller/
EROTICA,Etemesi’s Tales | The Best Morning Glory Sex I Ever Had,WARNING EXPLICIT CONTENT: Do Not Read If You Are Holier Than Thou It’s around 7am last Saturday morning. I am in deep...,https://tukatiane.co.ke/2016/09/27/etemesis-tales-the-best-morning-glory-sex-i-ever-had/
EROTICA,Etemesi’s Tales | The Breasts Of A Waitress (PART 2),WARNING EXPLICIT CONTENT: Do Not Read If You Are Holier Than Thou Additional note: This is a continuation of last week’s tale...,https://tukatiane.co.ke/2016/09/27/etemesis-tales-the-breasts-of-a-waitress-part-2/
EROTICA,Etemesi’s Tales | The Unwanted Pregnancy,WARNING EXPLICIT CONTENT: Do Not read if You Are Holier Than Thou “Niko na ball” she said as her eyes pierced deep...,https://tukatiane.co.ke/2016/09/23/etemesis-tales-the-unwanted-pregnancy/
EROTICA,Etemesi’s Tales | The Breasts Of A Waitress,"Most weekdays, I usually have lunch with a few of my colleagues or friends at a certain restaurant in town. Three weeks...",https://tukatiane.co.ke/2016/09/17/etemesis-tales-the-breasts-of-a-waitress/
EROTICA,Etemesi’s Tales | Why I’ll Never Sleep With My Workmate Again,WARNING EXPLICIT CONTENT: Do Not Read If You Are Holier Than Thou I look at her in a way that makes her...,https://tukatiane.co.ke/2016/09/16/etemesis-tales-why-ill-never-sleep-with-my-workmate-again/
EROTICA,Etemesi’s Tales | Orgasms In A Lodging Room,"WARNING EXPLICIT CONTENT: Do Not Read If you Are Holier Than Thou Lula’s hands flatten on my hard, broad contours. I swear...",https://tukatiane.co.ke/2016/09/09/etemesis-tales-orgasms-in-a-lodging-room/
EROTICA,Why I Write Etemesi’s Tales,"For those who have been following my work, you are aware that apart from my other diverse articles, I write stories about...",https://tukatiane.co.ke/2016/09/09/why-i-write-etemesis-tales/
EROTICA,Etemesi’s Tales | How I Was Chased Out By My Landlady Because Of Loud Sex,WARNING EXPLICIT CONTENT: Do Not read If You Are Holier Than Thou (The following events took place in May 2015) It’s 6pm...,https://tukatiane.co.ke/2016/09/06/etemesis-tales-how-i-was-chased-out-by-my-landlady-because-of-loud-sex/
EROTICA,Etemesi’s Tales | Birthday Sex,WARNING EXPLICIT CONTENT: Do Not Read If You Are Holier Than Thou Whoever said men and women can’t truly be friends wasn’t...,https://tukatiane.co.ke/2016/09/02/etemesis-tales-birthday-sex/
EROTICA,Etemesi’s Tales |”Nyama Kwa Nyama”,"WARNING EXPLICIT CONTENT: Do Not Read If You Are Holier Than Thou The year is 2010, the month is October. I am...",https://tukatiane.co.ke/2016/08/26/the-girl-who-wanted-sex-without-a-condom/
EROTICA,Etemesi’s Tales | Fingering Wamboi,WARNING EXPLICIT CONTENT: Do Not Read If You Are Holier Than Thou There is this chick called Wamboi. She sells jackets at...,https://tukatiane.co.ke/2016/08/19/etemesis-tales-fingering-wamboi/
EROTICA,Etemesi’s Tales | How I Bonked Two Campus Chicks In One Day,WARNING EXPLICIT CONTENT: Do Not Read If You Are Holier Than Though There is this third year chick from UON called Nimo....,https://tukatiane.co.ke/2016/08/18/etemesis-tales-how-i-bonked-two-campus-chicks-in-one-day/
EROTICA,Etemesi’s Tales | How I Slept With A Nairobi Diaries’ Chick,WARNING EXPLICIT CONTENT: Do Not read If You Are Holier Than Thou I push my sneakers off my feet and let them thump...,https://tukatiane.co.ke/2016/08/12/etemesis-tales-how-i-slept-with-a-nairobi-diaries-chick/
EROTICA,Etemesi’s Tales | In Bed With A Fellow Blogger’s Girlfriend,"WARNING EXPLICIT CONTENT: Do Not Read If You Are Holier Than Thou As you all know, I write raw and intense stuff...",https://tukatiane.co.ke/2016/08/05/etemesis-tales-in-bed-with-another-bloggers-girlfriend/
EROTICA,Etemesi’s Tales | How I Banged Victoria Kimani’s Cousin,WARNING EXPLICIT CONTENT: Do Not Read If you Are Holier Than Thou There was a time when Victoria Kimani was my celebrity...,https://tukatiane.co.ke/2016/07/30/etemesis-tales-how-i-banged-victoria-kimanis-cousin/
EROTICA,Etemesi’s Tales | Pleasure In The Bedroom,"EXPLICIT CONTENT: Do Not Read If You Are Holier Than Thou Additional Note: As promised, this is a continuation of the story...",https://tukatiane.co.ke/2016/07/30/etemesis-tales-pleasure-in-the-bedroom/
EROTICA,Etemesi’s Tales | How Kilimani Mums Helped Me End My Dry Spell,"WARNING EXPLICIT CONTENT: Do Not Read If You Are Holier Than Thou A week ago, I was in a dry spell. For...",https://tukatiane.co.ke/2016/07/29/etemesis-tales-how-kilimani-mums-helped-me-end-my-dry-spell/
EROTICA,Etemesi’s Tales | A Night With A Lesbian,WARNING EXPLICIT CONTENT: Do Not Read If You Are Holier Than Thou It’s last night at 8pm. I’m in my house with...,https://tukatiane.co.ke/2016/07/28/etemesis-tales-a-night-with-a-lesbian/
EROTICA,Etemesi’s Tales | How A Whatsapp Group Helped Me Get Laid,DISCLAIMER EXPLICIT CONTENT: Do Not read if You Are Holier Than Thou It’s last Sato morning. I wake up at around 10...,https://tukatiane.co.ke/2016/07/27/etemesis-tales-how-a-whatsapp-group-helped-me-get-laid/
EROTICA,Etemesi’s Tales | Getting Naughty In The Swimming Pool,"WARNING EXPLICIT CONTENT: Do Not Read If You Are Holier Than Thou It’s 9pm on a Tuesday night, two weeks ago. I...",https://tukatiane.co.ke/2016/07/25/etemesis-tales-getting-naughty-in-the-swimming-pool/
EROTICA,Etemesi’s Tales | Munching The Forbidden Fruit,WARNING EXPLICIT CONTENT: Do Not Read If You Are Holier Than Thou It’s a rainy Saturday evening in September 2014 and I...,https://tukatiane.co.ke/2016/07/22/etemesis-tales-munching-the-forbidden-fruit/
